ÄŒasovÃ¡ peÄiatka,NapÃ­Å¡te vÃ¡Å¡ nick (nepovinnÃ©),Ako dlho keÅ¡kujete?,KoÄ¾ko keÅ¡iek ste zaloÅ¾ili? (vrÃ¡tane eventov),PlatÃ­te si premium?,"Ak ste v predoÅ¡lej otÃ¡zke odpovedali Ã¡no, preÄo?","Ak ste v predoÅ¡lej otÃ¡zke odpovedali nie, preÄo?",NaÅ¡li ste niekedy nejakÃº z mojich keÅ¡iek? (screenshot k 28.12.2022),"Ak ste odpovedali v predoÅ¡lej otÃ¡zke ""Ã¡no"", ktorÃ¡ sa VÃ¡m pÃ¡Äila/nepÃ¡Äila a preÄo? :)","ÄŒo si myslÃ­te o Geocachingu a keÅ¡kÃ¡ch v KoÅ¡iciach? (prosÃ­m o viac ako ""je to fajn"", napÃ­Å¡te vÃ¡Å¡ nÃ¡zor )","Zbierate ""LAB"" keÅ¡ky?
viac o LABkÃ¡ch: https://labs.geocaching.com/","ÄŒo si myslÃ­te o LABkÃ¡ch? (dÃ´vod (ne)zbierania, mnoÅ¾stvo LABiek, celkovÃ½ dojem, ...)",ChodÃ­te na FTF? (First To Find),KoÄ¾ko FTF mÃ¡te?,"Zbierate ""travelbugy""? viac o travelbugoch: https://www.geocaching.com/track/travelbugfaq.aspx","NaÅ¡li ste keÅ¡ku, pri ktorej vÃ¡s snÃ­mala bezpeÄnostnÃ¡ kamera?"
28.12.2022 19:50:01,ForestReviewer,Do 2 rokov,Menej ako 5 keÅ¡iek,Ãno,review keÅ¡ky,,Nie,,review keÅ¡ky,Nie,review keÅ¡ky,Nie,0 - 5,Nie,Nie
29.12.2022 7:06:47,,5 - 10 rokov,5 - 20 keÅ¡iek,Ãno,"VysokÃ¡ aktivita, notifikÃ¡cie, premium keÅ¡e",,Ãno,"UliÄka, Vrana Hana - peknÃ© rieÅ¡enia aj samotnÃ© skrÃ½Å¡e","VÃ¤ÄÅ¡ina sÃº klasickÃ© prevedenia, no som rÃ¡d, keÄ aj v meste vie byÅ¥ zaujÃ­mavÃ¡ a veÄ¾kÃ¡ a aj napriek tomu nenÃ¡padnÃ¡ keÅ¡ 
A plus nie kaÅ¾dÃ½ by mal keÅ¡ zakladaÅ¥ lebo potom je v keÅ¡iach bordel. ZakladaÅ¥ by mali len skÃºsenejÅ¡Ã­ hrÃ¡Äi a rozhodne nie hrÃ¡Äi s 5 nÃ¡lezmi. To mi vadÃ­.",Ãno,Malo by na to byÅ¥ samostatnÃ© konto a nemieÅ¡aÅ¥ to s fyzickÃ½mi keÅ¡ami Äi eventami,Ãno,101 a viac,Nie,Ãno
29.12.2022 7:10:55,Miskakero ,5 - 10 rokov,51 - 100 keÅ¡iek,Ãno,PretoÅ¾e chceme vidieÅ¥ a vedieÅ¥ vÅ¡etko o tejto hre ;),,Ãno,MÃ¡me skoro vÅ¡etky a vÅ¡etky sÃº veÄ¾mi peknÃ© a udelili sme aj FP. TakÅ¾e to hovorÃ­ samÃ© za seba ;),"KeÅ¡ky sÃº rÃ´zne a zÃ¡visia aj od ownera, ktorÃ½ si dÃ¡ alebo nedÃ¡ zÃ¡leÅ¾aÅ¥ na vÃ½robe KeÅ¡ky a hlavne na jej umiestnenÃ­. ",Ãno,Je to milÃ½ bonus ku keÅ¡kÃ¡m. NÃ¡s bavia a hlavne keÄ je k nÃ­m aj bonusovÃ¡ krabiÄka. ,Ãno,51 - 100,Ãno,Ãno
29.12.2022 7:18:45,MarÅ¡ka,5 - 10 rokov,51 - 100 keÅ¡iek,Ãno,Viac keÅ¡iek ktore mÃ´Å¾em hÄ¾adaÅ¥. KvalitnejÅ¡ie keÅ¡ky. PlatenÃ© features ako info o novÃ½ch keÅ¡kÃ¡ch a archÃ­ve. ,,Ãno,"Najviac sa mi pÃ¡Äili duchovia zo zelenÃ©ho dvora pre inovatÃ­vny nÃ¡pad. PeknÃ¡ bola aj Vrana Hana. UliÄka remesiel je sÃ­ce fasa, ale takÃ©to prevedenie je dnes uÅ¾ beÅ¾nÃ©. ","V sÃºÄasnej dobe sa GC v KoÅ¡iciach posÃºva dopredu vÄaka niektorÃ½m ownerom ako si ty, Dankogamer, shofar ale dovolÃ­m si povedaÅ¥ Å¾e aj vÄaka mne",Nie,Je ich priveÄ¾a a znepÃ¡Äil sa mi spÃ´sob akÃ½m ich kaÅ¾dÃ½ zbiera. Ä½udia doslovne Äumia celÃ½ deÅˆ do mobilu pre bodÃ­ky. NevnÃ­majÃº miesto ako takÃ© ale sÃº zahÄºbenÃ­ do hry. SÃ¡m som vymazal 777 nÃ¡lezov na labkÃ¡ch a uÅ¾ sa k tomu neplÃ¡nujem vracaÅ¥. ,Ãno,101 a viac,Ãno,Ãno
29.12.2022 7:35:50,dankogamer,5 - 10 rokov,5 - 20 keÅ¡iek,Ãno,Aby som mohol chodiÅ¥ na FTF ;),,Ãno,"ZatiaÄ¾ sa mi pÃ¡Äili vÅ¡etky, vÄaka svojej originalite",Pomaly to tu v meste opÃ¤Å¥ oÅ¾Ã­va,Ãno,Za mÅˆa rÃ½chle body,Ãno,21 - 50,Ãno,Ãno
29.12.2022 7:37:43,kovbojkÃ¡Äi,5 - 10 rokov,5 - 20 keÅ¡iek,Ãno,"aby som podporil vec, ktorÃ¡ sa mi pÃ¡Äi",,Ãno,"aj si dobre pamÃ¤tÃ¡m, naÅ¡iel som tie tri tatranskÃ© okolo smokoveckej kyselky... pÃ¡Äili sa mi prostredÃ­m, tÃ¡ letterbox mÃ¡ aj krÃ¡sne prevedenie a tÃ¡ virtuÃ¡lka celkom prekvapila, o nej som ani netuÅ¡il","v meste to vo vÅ¡eobecnosti nie je ono... ÄesÅ¥ vÃ½nimkÃ¡m, ale vÃ¤ÄÅ¡ina keÅ¡iek je hroznÃ¡... miesta na oÄiach, kvalita niÄ moc",Ãno,"sÃº fajn, mÃ¡m ich rÃ¡d, ale nepÃ¡Äi sa mi tÃ¡ ÄiastoÄnÃ¡ integrÃ¡cia s ostatnÃ½mi keÅ¡kami... zrejme by to mala byÅ¥ inÃ¡ hra",Nie,21 - 50,Nie,Ãno
29.12.2022 7:43:08,billesik,Viac ako 10 rokov,21 - 50 keÅ¡iek,Ãno,"kvÃ´li Å¡tatistikÃ¡m, moÅ¾nosti filtrovaÅ¥ keÅ¡ky v mape, a prÃ­stupu k premium keÅ¡kÃ¡m",,Ãno,"Najviac vrana hana, vieÅ¡ preÄo :)","NiÄ :-D Som rÃ¡d, Å¾e je tu stÃ¡la komunita dlhoroÄnÃ½ch keÅ¡erov a mÃ¡me medzi sebou myslÃ­m, Å¾e dobrÃ© vzÅ¥ahy.",Ãno,"Je to zaujÃ­mavÃ½ doplnok ku geocachingu, nepÃ¡Äi sa mi vÅ¡ak, Å¾e za kaÅ¾dÃ½ stage dÃ¡va bod ako za nÃ¡jdenie normÃ¡lnej keÅ¡ky, je go prÃ­liÅ¡ jednoduchÃ© zÃ­skanie bodu.",Ãno,51 - 100,Ãno,Ãno
29.12.2022 7:54:10,Rovyz,Viac ako 10 rokov,Menej ako 5 keÅ¡iek,Ãno,"Chcem maÅ¥ prehÄ¾ad o vÅ¡etkÃ½ch keÅ¡kÃ¡ch a najmÃ¤ - premium keÅ¡ky sÃº vÃ¤ÄÅ¡inou tie peknÃ©, prepracovanÃ© ",,Ãno,"NemÃ¡m eÅ¡te nÃ¡jdenÃ© vÅ¡etky, tak neviem porovnaÅ¥, ale zatiaÄ¾ sa mi tvoje keÅ¡ky veÄ¾mi pÃ¡Äili, rÃ½chlo si vystrelil medzi top ownerov :) Vrana Hana je fakt mega, teÅ¡Ã­m sa na letterbox v Smokovci.","V poslednej dobe zaÄali vychÃ¡dzaÅ¥ peknÃ© keÅ¡ky, aj vÄaka tebe, ale napr i dankogamerovi. December bol plnÃ½ eventov, mimo tohto obdobia to bolo pomerne mÅ•tve. VerÃ­m Å¾e to tak bude pokraÄovaÅ¥, sami s MarÅ¡kom mÃ¡me nÃ¡pady aspoÅˆ na eventy :)",Ãno,"NepÃ¡Äi sa mi, Å¾e je to spojenÃ© s GC, viac by sa mi pÃ¡Äilo, keby to bola samostatnÃ¡ hra (kvÃ´li Å¡tatistikÃ¡m a rÃ½chlym bodom). Zbieram ich, aj keÄ niekedy mi vadia, najmÃ¤ keÄ sa mÃ¡m prepÃ­naÅ¥ medzi cgeo a labkami, je to neprehÄ¾adnÃ©.",Ãno,21 - 50,Nie,Ãno
29.12.2022 7:56:44,,Viac ako 10 rokov,Menej ako 5 keÅ¡iek,Ãno,kvoli premium keskam,,Ãno,"no fuha, nemozem si vsetko pamatat :D",dobre preziju... ;),Ãno,"plus vacsinou jednoduchost, minus deformuje statistiky",Ãno,101 a viac,Nie,Ãno
29.12.2022 8:20:12,Astern333,2 - 5 rokov,5 - 20 keÅ¡iek,Ãno,"PretoÅ¾e sprÃ¡va webovej strÃ¡nky nieÄo stojÃ­. PretoÅ¾e chcem podporiÅ¥ komunitu a cenÃ­m si Ä¾udÃ­, ktorÃ­ pre geocaching pracujÃº.",,Ãno,"KoÄickÃ¡ kalvÃ¡ria - bola to zÃ¡bava, aj sme sa stretli viacerÃ­, aj sme mali starosti so zabudnutÃ½m Å¡rubovÃ¡kom, tak som behal spÃ¤Å¥ do auta :-)
Kostol NajavÃ¤tejÅ¡ieho Srdca JeÅ¾iÅ¡ovo - stratila sa na zaÄiatku, takÅ¾e trochu neradosÅ¥","TakÃ½ chaos, niektorÃ© sÃº fajn, niektorÃ© nie. Nie kaÅ¾dÃ½ geokeÅ¡er mÃ¡ logickÃ© myslenie. NemÃ¡m rÃ¡d, ak keÅ¡ky sÃº na nezmyselnÃ½ch miestach alebo keÄ owner naschvÃ¡l vymyÅ¡Ä¾a zloÅ¾itÃ© keÅ¡ky. Do budÃºcna viac fandÃ­m LABkÃ¡m, tie sÃº celkom dobrÃ©. A ziÅ¡li by sa ÄalÅ¡ia keÅ¡ky v turistickÃ½ch zaujÃ­mavÃ½ch miestach blÃ­zko KoÅ¡Ã­c, tak ako sÃº moje.",Ãno,"Je to vÃ½bornÃ½ spÃ´sob, ako spoznÃ¡vaÅ¥ kultÃºru a histÃ³riu krajiny. Je to aj rÃ½chly spÃ´sob zÃ­skavania bodov, pokiaÄ¾ sÃº stages blÃ­zko seba. A je to ÄalÅ¡ia motivÃ¡cia navÅ¡tÃ­viÅ¥ miesta v prÃ­rode, pokiaÄ¾ je Älovek turistom. LABky sÃº vÅ¡ak vhodnÃ© aj do mesta, pretoÅ¾e nie vÅ¾dy sa dÃ¡ umiestniÅ¥ krabiÄka hocikde.",Ãno,0 - 5,Ãno,Nie
29.12.2022 8:29:35,,Viac ako 10 rokov,21 - 50 keÅ¡iek,Ãno,Viac moznosti,,Ãno,Pacila,"ZaÄÃ­najÃº vznikaÅ¥ z Ãºrovne keÅ¡ku,ktorÃ© je sÃº venovanÃ© Å¾iadnemu objektu.",Ãno,"Je fajn .ale za 5 systÃ©mov by sa mal dÃ¡vaÅ¥ ibanjeden bod,nie pat",Nie,0 - 5,Ãno,Ãno
29.12.2022 9:28:27,20fia & family,5 - 10 rokov,Menej ako 5 keÅ¡iek,Ãno,"Povodne hlavne kvoli notifikaciam, teraz aj kvoli premiovym keskam.",,Ãno,"Asi ulicka - okrem toho, ze sme tusim dali FTF sa final hodi do mestskeho prostredia a je aj moznost vymey.","Je to taka sinusoida - raz lepsie, raz horsie. Komunitu tu mame fajn, zavse sa najde niekto tvorivy so zaujimavymi napadmi a aj ich uskutocni.",Ãno,"Nezameriavame sa na ne, ale zbierame ich (hlavne aj kvoli bonusovkam)",Ãno,101 a viac,Nie,Ãno
29.12.2022 9:29:37,Dalibor a Dominika,Viac ako 10 rokov,101 - 200 keÅ¡iek,Ãno,"KvÃ´li vÃ½hodÃ¡m ktorÃ© z toho plynÃº (prÃ©miovÃ© keÅ¡ky ktorÃ© sÃº v mnohÃ½ch prÃ­padoch krajÅ¡ie oko obyÄajne  ,notifikÃ¡cie , mnoho ÄalÅ¡Ã­ch ktorÃ© veÄ¾mi nevyuÅ¾Ã­vam ale zÃ­du sa,filtre ,zobrazenie na mape,ofiko aplikÃ¡cia )",,Ãno,"PÃ¡Äili sa nÃ¡m  viacerÃ©,Vrana Hana skvelÃ© prevedenie,peknÃ½ listing ,tak isto uliÄka remesiel je skvelÃ¡ ,duchovia zo zelenÃ©ho dvora,Å¥a retiazka pobavila,","Je to fajn :) veÄ¾a ownerov sa snaÅ¾Ã­ vymyslieÅ¥ nieÄo lepÅ¡ie ako obyÄajnÃº keÅ¡ku ,istÃ½ Äas bol Ãºtlm keÄ prestali zakladaÅ¥ lesmarco a Gurujoe,teraz kvalita opÃ¤Å¥ stÃºpa aÅ¾ na pÃ¡r kesiek ktorÃ© sÃº ÃºplnÃ½ odpad ako vÄerajÅ¡ia zakry ma,plus Achillespoproc prechÃ¡dza postupne z Poproca do KoÅ¡Ã­c Äo to opÃ¤Å¥ mÃ´Å¾e Å¥ahaÅ¥ dole",Ãno,"zaujÃ­majÃº ma hlavne tie ktorÃ© majÃº bonusovÃº keÅ¡,inak to nie je celkom dotiahnutÃ© keÄÅ¾e sa pouÅ¾Ã­va inÃ¡ aplikÃ¡cia ,to mi vadÃ­,prepÃ­naÅ¥ napr v Prahe medzi dvoma aplikÃ¡ciami je nemoÅ¾nÃ© ,viem Å¾e sa dajÃº stiahnuÅ¥ napr do cgeo,v Tom prÃ­pade mi to sekÃ¡,sÅ¥ahovaÅ¥ postupne podÄ¾a toho kam idem sa mi nechce,nie je tam min vzdialenosÅ¥ medzi nimi,sÃº roztrÃºsenÃ© niektorÃ© v rÃ´znych mestÃ¡ch ako templÃ¡rska ktorÃ¡ mÃ¡ jednu v KE ,inÃ¡Ä je to prÃ­jemnÃ¡ zmena ,obÄas nejakÃ© pozbieram ,nÃ¡pad fajn len to dotiahnuÅ¥ .VyjadrÃ­m sa aj k FTF,chodil som uÅ¾ nechodÃ­m ,ak to chce niekto robiÅ¥ treba byÅ¥ neustÃ¡le v pozore,mÃ¡m aj inÃ© zÃ¡Ä¾uby ako geo takÅ¾e uÅ¾ na to nie je Äas ani veÄ¾mi chuÅ¥ ,ide to samozrejme aj do peÅˆazÃ­",Ãno,51 - 100,Nie,Ãno
29.12.2022 9:32:46,Enspender,2 - 5 rokov,Menej ako 5 keÅ¡iek,Ãno,KvÃ´li oficiÃ¡lnej aplikÃ¡ciÃ­. Je prehÄ¾adnÃ¡ a som na Åˆu zvyknutÃ½.,,Ãno,Z tÃ½ch co som naÅ¡iel bola asi najpremyslenejsia uliÄka starÃ½ch remesiel a jej bonus ... rÃ¡d sa k nej vraciam ,MyslÃ­m si ze v minulosti boli poloÅ¾enÃ© silnÃ© zÃ¡klady na ktorÃ½ch sa do dnes stavia a preto mÃ¡me v KoÅ¡iciach veÄ¾a peknÃ½ch a kvalitnÃ½ch kesiek. TieÅ¾ revieweri robia svoju prÃ¡cu dobre.,Ãno,Vo vÃ¤ÄÅ¡ine prÃ­padov ide o rÃ½chlych 5 bodov plus nejakÃ½ zaujÃ­mavÃ½ bonus pre ktorÃ½ sa oplatÃ­ ich zbieraÅ¥. Aj keÄ labky niesu fyzicky na mieste obsahujÃº veÄ¾mi veÄ¾a informÃ¡ciÃ­ a zaujÃ­mavosti preto sa oplatÃ­ im dat Å¡ancu. Je to ako audiokniha veÄ¾a Ä¾udÃ­ mÃ¡ radÅ¡ej knihy klasickÃ© ale aufioknihy Å¡etria Äas:),Nie,0 - 5,Nie,Ãno
29.12.2022 9:49:12,Romanko909,Do 2 rokov,Menej ako 5 keÅ¡iek,Ãno,,Lebo chcem maÅ¥ prÃ­stup ku vÅ¡etkÃ½m keskam,Ãno,"UliÄka , veÄ¾mi dobre vymakana keska","ObÄas mÃ¡m pocit Å¾e ich je menej ( ale radÅ¡ej menej ako keby mali byÅ¥ keÅ¡ky ako mÃ¡ achilespoproc ), hlavne v okolÃ­ centra a veÄ¾a z nich mÃ¡ mÃ¡lo FP aj napriek tomu Å¾e by si ich zaslÃºÅ¾ili maÅ¥ veÄ¾a .",Ãno,"Zbieram ich aby mi zmizli z mapy, ale nemÃ¡m ich veÄ¾mi rÃ¡d ",Nie,0 - 5,Ãno,Ãno
29.12.2022 10:00:47,Ogiko,2 - 5 rokov,Menej ako 5 keÅ¡iek,Ãno,"Geocaching ma veÄ¾mi bavÃ­ a osobne si myslÃ­m, Å¾e najlepÅ¡ie keÅ¡ky sÃº prÃ¡ve pre premium",,Ãno,"Tvoje keÅ¡ky sÃº veÄ¾mi peknÃ©, vÅ¡etky Äo som naÅ¡iel sa pÃ¡Äili (hlavne uliÄka starÃ½ch remesiel a vrana Hana)","Gc v KE je fajn, no malo by tu byÅ¥ viac â€œdobrÃ½châ€ keÅ¡iek. Ja sÃ¡m mÃ¡m takÃ©to keÅ¡ky veÄ¾mi v lÃ¡ske a aj Ty (tsk88) mÃ¡Å¡ veÄ¾mi dobrÃ© keÅ¡ky, presne takÃ© ako mÃ¡m rÃ¡d. ",Ãno,"Labky mi dosÅ¥ zmenili poÄet nÃ¡lezov v Geocachingu, a zbieram ich, pretoÅ¾e mÃ´Å¾em. Nie preto, Å¾e by boli nejakÃ© premakanÃ© (aÅ¾ na jednu v PreÅ¡ove â€œMacGyverâ€). Je ich veÄ¾a. No niesom keÅ¡er, ktorÃ½ by kritizoval existenciu LABiek.",Ãno,6 - 10,Ãno,Ãno
29.12.2022 10:12:12,1reko2,2 - 5 rokov,5 - 20 keÅ¡iek,Nie,,"NeplatÃ­m si ho, dostal som ho na Vianoce.",Ãno,"NaÅ¡iel som iba dve: VirtuÃ¡lku a mysterku. Mysterka ma inÅ¡pirovala, straÅ¡ne sa mi pÃ¡Äila, a virtuÃ¡lka tieÅ¾ (Äo sa ti vlastne mÃ´Å¾e nepÃ¡ÄiÅ¥ na virtuÃ¡lke? :D)","Je to super spÃ´sob ako dostaÅ¥ deti, ale aj dospelÃ½ch von, ja som sa z geocachingu nauÄil poÄÃ­taÅ¥ sÃºradnice a na GEO v Å¡kole som to potom dÃ¡val na jednotky, ani som sa nemusel uÄiÅ¥ :).",Ãno,"Tak je to vlastne novÃ¡ verzia virtuÃ¡lky, urÄite by som ich v hre nechal.",Ãno,0 - 5,Ãno,Nie
29.12.2022 10:25:01,kurtica,Viac ako 10 rokov,Menej ako 5 keÅ¡iek,Ãno,"bez premium clovek nevidi vsetky kesky a uz velakrat sa ukazalo ze tie premiove su aj velmi pekne, zabavne na lustenie, ci zaujimave. sice nemusim mat kazdu kesku  za kazdu cenu ale aj vdaka premium sme si napr vyskusali lezenie na stromy s lezeckym naradim, takze nove zazitky",,Ãno,"Napriek tomu ze som z Kosic tak vidim ze som na tych okolo Stareho Smokovca, aj to len nedavno :) Kamzikova prechadzka sa nam pacila velmi, aj ako prechadzka aj teda finalna krabicka bola velmi pekna. Smokoveckej kyselke treba upravit hint :) A Tatranska meteostanica potesila hlavne preto, ze by sme pravdepodobne presli okolo a ani si nevsimli, takze potesilo vidiet takuto stanicku. Kosicke si nechavam na zaplnanie dier v kalendari, tak dufam ze nebudu archivovane. Bola som len na Hadzanarskej hale a popravde uz velmi nepamatam ako vyzerala. ","Aj v Kosiciach, tak ako inde, sa najdu kadejake zbytocne kesky (mikro alebo petky na nezaujimavych miestach len preto aby si dotycny owner nieco zalozil). Ale ovela viac je takych co su zaujimave, zabavne na lustenie ci odlov. A co sa kosickych keserov tyka, podla mna skvely ludia. Na eventy chodim nie velmi casto ale vzdy boli vsetci v pohode :)",Ãno,"Napr v centrach miest sa mi viac pacia labky, pretoze poukazuju zaujimavosti a clovek tam nemusi bojovat s mnozstvom turistov ci domacich pohybujucich sa okolo (podobne ako virtualky). A potom je tu par skvelych pokusov o netradicne labky a to je tiez zabavne. Vzdy potesi aj bonusovka fyzicka keska. No ale co sa mnozstva tyka, mam pocit ze uz to zacina byt zahltene labkami :) No ale cim skor ich clovek pozbiera, tym skor ich neuvidi na mape :D  ",Ãno,0 - 5,Ãno,Ãno
29.12.2022 10:30:40,,Viac ako 10 rokov,Menej ako 5 keÅ¡iek,Ãno,,,Ãno,,"Aktivna komunita, nove kesky nastastie vznikaju, no najzaujimavejsie kusky/serie su z hlbokej minulosti.",Ãno,"Adventury casto poskytnu zaujimave informacie, je to skor relaxacna ako adrenalinova forma geocachingu a to sa casto hodi.",Nie,0 - 5,Nie,Ãno
29.12.2022 11:11:15,dullus,Viac ako 10 rokov,Viac ako 1000 keÅ¡iek,Ãno,"Viac kesiek, pocket queries.",,Ãno,pacila: Duchovia zo zeleneho dvora - prevedenie s retazou bola sranda. Nepacila: Smokovecka kyselka - zly hint aj ukryt,Nepaci sa mi novy trend robit tolko T4/5 zbytocnych kesiek. Paci sa mi druzna komunita a cekovo dobry stav kesiek o ktore sa owneri povacsinou dobre staraju.,Ãno,"Nie je to moja priorita, zbieram ich viacmenej len koli bonusom. Nepaci sa mi ze bod je za kazdy stage, malo by byt len za kompletnu labku.",Nie,0 - 5,Ãno,Ãno
29.12.2022 11:15:12,AnemariDano,2 - 5 rokov,Menej ako 5 keÅ¡iek,Ãno,MoÅ¾nosÅ¥ loviÅ¥ premiove keÅ¡ky,,Ãno,"UliÄka starÃ½ch remesiel sa mi pÃ¡Äila kvÃ´li prechÃ¡dzke, ktorÃ¡ jej odlovu predchÃ¡dzala :) ","NiektorÃ© prevyÅ¡ujÃº kvalitou, inÃ© (najmÃ¤ apelujem na tie v okolÃ­ dediny PoproÄ a zakladateÄ¾a neskutoÄnÃ©ho mnoÅ¾stva zbytoÄnÃ½ch keÅ¡iek) zahanbujÃºce.",Ãno,"Velmi ich oblubujem :) Hlavne ked sa jednÃ¡ o tie zameranÃ© na umenie, historiu a aj tie v prÃ­rode.",Nie,0 - 5,Ãno,Nie
29.12.2022 11:43:14,dspandy,2 - 5 rokov,Menej ako 5 keÅ¡iek,Ãno,aby som videl vsetky poklady na mape a mohol ich odlovit :),,Ãno,"Ulicka starych remesiel je top, skvele prevedenie priamo na ociach, najdenie bolo vzrusujuce a potesil obsah schranky","Kosice su top miesto na keskovanie, kedze sme velkomesto tak je tu fakt dostatocny pocet kesiek, sem tam sa objavi aj nejaka so super prevedenim",Ãno,"LABky su prijemne spestrenie popri tradicnych keskach, dovedu cloveka na zaujimave miesta ktore by inak prehliadol. V inych mestach som sa stretol aj s roznymi zaujimavymi prevedeniami",Ãno,0 - 5,Nie,Ãno
29.12.2022 13:31:34,bolda,Viac ako 10 rokov,201 - 500 keÅ¡iek,Ãno,Pre ÃºplnÃº dostupnosÅ¥ dÃ¡t.,,Ãno,"PÃ¡Äia sa mi a vyberÃ¡m si keÅ¡ky typu hand-made. MÃ¡m rÃ¡d hlavolamy na mieste. TÃ½mto pozÃ½vam na svoju sÃ©riu ""Band of Brothers"".","Na takÃ©to veÄ¾kÃ© mesto a poÄet aktÃ­vnych keÅ¡erov by som oÄakÃ¡val Å¡irÅ¡Ã­ zÃ¡ujem o zakladanie keÅ¡iek. VÄaka omladine to tu trochu oÅ¾ilo, no je to ÄinnosÅ¥ na etapy, raz to Å¾ije, raz skapal pes. Kvalita keÅ¡iek je rovnakÃ¡, ako vÅ¡ade, kde som doteraz bol.",Ãno,"Geocaching je hlavne o krabiÄkÃ¡ch. Ani LABky nie sÃº zlÃ© na zabitie voÄ¾nÃ©ho Äasu. No kÃ½m nebudÃº plnohodnotne na mape GC, budem ich hÄ¾adaÅ¥ len ako plÃ¡tanie diery na miestach, kde uÅ¾ nemÃ¡m Äo fyzicky hÄ¾adaÅ¥.",Nie,101 a viac,Ãno,Ãno
29.12.2022 14:18:01,JeseÅˆ,Do 2 rokov,Menej ako 5 keÅ¡iek,Ãno,"Viac kesiek k dispozicii na lustenie a odlov, filtre v aplikacii, moznost nastavit notifikacie, adventures labs",,Ãno,"Pacili sa mi vsetky :) 
Duchovia - tak toto bolo pekne prekvapenie :)
Kamzik - pohodova prechadzka aj v horsom pocasi a pekne prepracovane prevedenie
Meteostanica - krasna historia, dokonca vdaka keske sme si pokecali aj s ujom co tam byva a stanice este stale vyuziva a chodi pozerat predpoved :)
Kyselka - popri labkach, virtualke potesila aj krabicka
Kalvaria - opat prima prechadzka a hoci zname no i tak pekne prevedenie
Kostol - vzdy potesi keska v meste a tu ocenujem nielen spracovanie, ale aj umiestnenie, ze som T2.5 dociahla vdaka ""pripravenemu"" stupaciku
Ulicka - spolu s labkami uplny TOP, ved aj vcera som ju vyuzila ako TB hotel :) od otazok cez klucik az po samotne prevedenie a umiestnenie jednoducho super
Hadzanarska - jednoducha klasika ale velkost potesila obzvlast takto v meste

No a na zvysne sa tiez chystam, snad sa podari dojst na event a osobitne sa tesim na vranku :)","Geocaching - teraz posledne tyzdne to tu ozilo eventami, takze je viac prilezitosti na spoznanie sa/vymeny/pokec atd
Kesky - opat to poslednou dobou trochu ozilo, pribudaju nove, zapajaju sa dokonca doteraz nezname nicky; akurat velakrat sklame vysoka hodnota terenu, na to momentalne nemam",Ãno,"Vzdy potesia nove v blizkosti, mna osobne ich ""lustenie"" bavi, velakrat je v otazkach nieco zaujimave.... no a ked si este da autor namahu vytvorit bonusovku, tak to velmi potesi",Nie,0 - 5,Ãno,Ãno
29.12.2022 14:24:13,,Viac ako 10 rokov,101 - 200 keÅ¡iek,Ãno,vÃ½hody sÃº popÃ­sanÃ© na GC strÃ¡nke,,Nie,,v KE keÅ¡kujem minimÃ¡lne,Ãno,kaÅ¾dÃ½ bod sa poÄÃ­ta :-),Ãno,101 a viac,Nie,Nie
29.12.2022 18:11:42,lenmoja,Viac ako 10 rokov,5 - 20 keÅ¡iek,Ãno,"Pre chÃ½bajÃºce funkcie v mapÃ¡ch, v mobile a pre viditeÄ¾nosÅ¥ prÃ©miovÃ½ch keÅ¡iek.",,Ãno,"Najviac sa pÃ¡Äila ""Vrana Hana a jej cesta vlakom"" - DobrodruÅ¾stvo, cestovanie, prÃ­jemnÃ© a neruÅ¡enÃ© prostredie, rieÅ¡enie rÃ©busu na mieste. Najmenej sa pÃ¡Äila ""Kostol NajsvÃ¤tejÅ¡ieho Srdca JeÅ¾iÅ¡ovho""- Pre vyÅ¡Å¡ie postavy a odlov vo veÄernÃ½ch hodinÃ¡ch kvÃ´li nenÃ¡padnosti. tzv. odlov za bod. ","KrÃ¡sny zÃ¡Å¾itok z odlovu keÅ¡ky nespoÄÃ­va len v tom, kto koho preÄura v IT zadanÃ­, alebo umiestni PETku do vÃ½Å¡in stromu. SÃºradnice finÃ¡lu si Äasom budÃº beÅ¾nÃ­ keÅ¡eri aj tak Å¡epkaÅ¥ z ucha do ucha. Pre pohladenie duÅ¡e je dÃ´leÅ¾itÃ¡ tÃ©matickÃ½ prepracovanÃ¡ krabica, ukÃ¡zanie zaujÃ­mavÃ©ho miesta a hlavne Ãºlohy, pri ktorÃ½ch dokÃ¡Å¾u rozmÃ½Å¡Ä¾aÅ¥ a uÄiÅ¥ sa aj deti. KoÅ¡iciam chÃ½ba kvalita, zatiaÄ¾ sa tu len napÄºÅˆajÃº Å¡tatistiky pre FTF hÄ¾adaÄov. ÄŒesÅ¥ vÃ½nimkÃ¡m. Niekedy som chodil na Å¡katule s deÅ¥mi, no dnes je to pre nie nezaujÃ­mavÃ©.",Ãno,"HQ ich ponÃºklo, sÃº v obehu a ujali sa. Tak preÄo nie. ",Ãno,101 a viac,Ãno,Ãno
29.12.2022 21:54:29,,5 - 10 rokov,Menej ako 5 keÅ¡iek,Ãno,premium prinasa viac funkcionality a moznosti,,Ãno,meteostanica - je zaujimava,"zlate casy geocachingu v KE su prec, kesky ako robili gurujoe, alebo lesmarko, take dnes uz nevidiet. Zakladaju sa tradicky v meste na nevhodnych miestach a bez vacsieho zmyslu ",Nie,nezbieram,Nie,0 - 5,Nie,Ãno
30.12.2022 8:24:21,erik.grave1,2 - 5 rokov,21 - 50 keÅ¡iek,Ãno,"Ani neviem, lepsie statistiky, ktore ma este lepsie Project GC free :) a vidim premium kesky, ktorych je .. malo .. :)",,Ãno,"Ulicka dobry napad, v centre, komplet na ociach ale aj tak neviditelna. Duchovia zase chain effect bol super, ked som bol na kremaku, este raz som si to isiel vyskusat :)","Mohlo by byt viacej kesiek v urban area, i ked maju kratsiu zivotnost. ",Ãno,"Labky velmi nemusim, prepinanie sa medzi aplikaciami mi vyslovene prekaza (C:Geo vs Adv Lab), preto ked idem do nejakej oblasti iba keskovat, stahujem si jednotlive stage ako gpx a importujem do C:geo, aby som vobec vedel, ze aha, tu je stage.",Ãno,0 - 5,Ãno,Ãno
30.12.2022 12:12:22,,5 - 10 rokov,51 - 100 keÅ¡iek,Ãno,"Aby som podporil rozvoj mojej obÄ¾Ãºbenej hry, ale taktieÅ¾ vyuÅ¾Ã­vam prÃ©miovÃ© funkcie ako notifikÃ¡cie, prÃ©miovÃ© keÅ¡ky a rozdÃ¡vanie favoritnÃ½ch bodov",,Nie,,"V KoÅ¡iciach som bol keÅ¡kovaÅ¥ zatiaÄ¾ len raz, tak nemÃ¡m aÅ¾ takÃ© skÃºsenosti, aby som to mohol hodnotiÅ¥",Ãno,"Je to fajn spestrenie, ale myslÃ­m si, Å¾e ich uÅ¾ je priveÄ¾a, staÄilo by keby mÃ¡ kaÅ¾dÃ½ keÅ¡er moÅ¾nosÅ¥ zaloÅ¾iÅ¥ jednu sÃ©riu",Ãno,51 - 100,Ãno,Ãno
30.12.2022 21:17:54,Na zaklade odpovedÃ­ zistÃ­Å¡ ,Viac ako 10 rokov,Menej ako 5 keÅ¡iek,Ãno,"NebuÄ zvedavÃ½, locus nefunguje so vÅ¡etkÃ½mi vymoÅ¾enostami bez premium, roÄne 30 eur je niÄ oproti tomu koÄ¾ko sa minie na inÃ© zabavky a nepotrebnÃ© veci, ak nebudeme podporovaÅ¥ groundspeak nebude zabava pre nÃ¡s keÅ¡erov, poznam hrÃ¡Äov Äo si platia aj premium na projekte gc",,Ãno,"BojÃ­m sa Å¾e som naÅ¡iel vÅ¡etky, teda okrem posledneho eventu, prvotina bola chabÃ¡, veÄ preto ju uÅ¾ mÃ¡Å¡ v archÃ­ve ","A to chces teraz poÄuÅ¥ Äo? Bola vÃ¤ÄÅ¡ia komunita dÃ¡vnejÅ¡ie, ale zÃ¡bava je takÃ¡ aku si ju sÃ¡m urobis, chodime na eventy aj mimo hc, takÅ¾e komunitu slovenskÃº poznÃ¡m celkom sluÅ¡ne. PrÃ­Ä do skoly v prÃ­rode v TribeÄi v lete",Ãno,"Zo zaÄiatku sme boli nadÅ¡eni novou ikonou, kÃ½m nezistis ze projekt gc ich nerÃ¡ta do Å¡tatistÃ­k, ak neodlovim celÃº sÃ©riu ma to nejako velmi netrapi",Ãno,101 a viac,Nie,Ãno
31.12.2022 8:32:45,tulavec,2 - 5 rokov,5 - 20 keÅ¡iek,Ãno,"lepÅ¡ia dostupnosÅ¥, podpora tejto Äinnosti ako vhodnej voÄ¾noÄasovej aktivity; ",,Ãno,"prepÃ¡Ä, ale uÅ¾ si to nepamÃ¤tÃ¡m, ","je to vhodnÃ¡ voÄ¾noÄasovÃ¡ aktivita nielen ako doplnkovÃ¡ aktivita, ale aj ako hlavnÃ¡ aktivita, ktorÃ¡ povodÃ­ Äloveka po znÃ¡mych aj mÃ¡lo znÃ¡mych miestach, z ktorÃ½ch sme prekvapenÃ­. ",Ãno,"LAB sÃº vhodnÃ©, hlavne v mestÃ¡ch s mnoÅ¾stvom Ä¾udÃ­, netreba sa tvÃ¡riÅ¥ nenÃ¡padne pri hÄ¾adanÃ­ a vypÄºÅˆanÃ­ logbooku.",Nie,0 - 5,Ãno,Ãno
31.12.2022 10:31:22,baldicek,5 - 10 rokov,5 - 20 keÅ¡iek,Ãno,pretoÅ¾e mi umoÅ¾Åˆuje lepÅ¡ie funkcie a kvalitnejÅ¡ie sluÅ¾by v rÃ¡mci gc,,Ãno,pÃ¡Äili sa mi vÅ¡etky,"mÃ¡m pocit, Å¾e sa pomaly presÃºvame od (pre mÅˆa) OG keÅ¡iek (GJ questy, PGC, ...) k novÃ½m nÃ¡padom, ktorÃ© sÃº ÄastokrÃ¡t lepÅ¡Ã­m vyuÅ¾itÃ­m miesta a gc vyÅ¾itia",Ãno,"nepÃ¡Äi sa mi jednoduchosÅ¥ ich nÃ¡lezov, spojÃ­Å¥ to s gc, kde 1 bod znamenÃ¡ jedna fyzickÃ¡ krabiÄka a 1 bod za pÃ¡r klikov je v mojom ponÃ­manÃ­ dosÅ¥ smutnÃ©... iba to podporuje zbieranie bodov ja si myslÃ­m",Ãno,51 - 100,Ãno,Ãno
1.1.2023 19:09:36,rastislavius,Viac ako 10 rokov,5 - 20 keÅ¡iek,Ãno,"filtrovanie, pocket query, notifikacie, premium kese",,Ãno,Vrana Hana... pekna a prepracovana krabica,"vznikaju viac kvalitne a aj menej kvalitne kese. kazdopane scena je ziva, aj ked mne osobne vadia prilis narocne mysterky a aj T5 na ktore treba lezecku vybavu :D",Ãno,"zrejme buducnost geochingu, je fajn ze netreba hladat spinavu PETku kdesi kamsi, ale nedaval by som za kazdu labku 5 bodov, to trocha deformuje skore",Nie,21 - 50,Ãno,Ãno
2.1.2023 9:23:40,,5 - 10 rokov,Menej ako 5 keÅ¡iek,Ãno,kvÃ´li premium cache,neodpovedal,Ãno,Kalvaria sa paÄila z dvoch najdenych,PrÃ­liÅ¡ veÄ¾a 5 obtiaÅ¾nostÃ­ v mysterkÃ¡ch,Ãno,progresÃ­vna alternatÃ­va,Ãno,11 - 20,Ãno,Ãno
4.1.2023 7:59:35,,Viac ako 10 rokov,21 - 50 keÅ¡iek,Ãno,RozÅ¡Ã­renejÅ¡ie.nove kesky,,Ãno,Smokovecka kyselina sa pÃ¡Äila.pekny listing,ZbytoÄne veÄ¾a kesiek.,Ãno,Za celÃº labky by sa mal poÄÃ­taÅ¥ iba jeden bod,Nie,0 - 5,Ãno,Ãno
5.1.2023 7:04:30,breny.al.fajed,Viac ako 10 rokov,Menej ako 5 keÅ¡iek,Ãno,kvoli premium keskam,,Ãno,"duchov zo zd a ulicku remesiel si pamtam, lebo si si nanich dal zalezat ale nemozem si vstky pamatat :)",nie je to zle :D,Ãno,"uz je ich vela, predtym boli len na megaeventoch (a giga) a malo to svoje ""caro""",Ãno,101 a viac,Nie,Ãno
5.1.2023 8:33:06,,Viac ako 10 rokov,Menej ako 5 keÅ¡iek,Ãno,lebo chcem,,Ãno,pacili sa mi vsetky,"viac ako ""je to fajn""",Ãno,"fajn spestrenie, ale krabicky su krabicky ;)",Ãno,101 a viac,Ãno,Ãno
5.1.2023 10:08:55,,5 - 10 rokov,21 - 50 keÅ¡iek,Ãno,"aby som mohol loviÅ¥ premium keÅ¡ky, trocha filtrovaÅ¥ keÅ¡ky, aby som ochrÃ¡nil svoje keÅ¡ky pred deÅ¥mi, ktorÃ© sa bavia a niÄia zÃ¡bavu ostatnÃ½m a v neposlednom rade, aby geocaching fungoval aj naÄalej",,Ãno,"naÅ¡iel som hÃ¡dzanÃ¡rsku halu a veÄ¾mi si ju nepamÃ¤tÃ¡m...
naÅ¡iel som duchov a nepochopil som preÄo je ""elektroskrinka"" na strome
urÄite skoÄÃ­m po Letterbox na Smokoveckej kalvÃ¡rii hoci som ju uÅ¾ mal pobehanÃº. 
a ak je uliÄka starÃ½ch remesiel tÃ¡ schrÃ¡nka ako lab bonus, tak tam som dal aj FP, ak je to inÃ¡, tak ju asi nemÃ¡m odlovenÃº.","v KE som s keÅ¡kami zaÄal na druhÃ½ krÃ¡t, predtÃ½m som lovil ako dieÅ¥a s otcom na vÃ½letoch po kopcoch, hradoch, kostoloch... dlho to v KE stagnovalo po mojom odchode a tak som pri obÄasnÃ½ch nÃ¡vÅ¡tevÃ¡ch nemal Äo loviÅ¥, v poslednej dobe ale Marek, ale aj Danko a pÃ¡r inÃ½ch hrÃ¡Äov zaÄali zakladaÅ¥ keÅ¡ky a opÃ¤Å¥ mÃ¡m Äo loviÅ¥ keÄ prÃ­dem do KE. ",Ãno,"zbieram tie, na ktorÃ© je viazanÃ¡ nejakÃ¡ fyzickÃ¡ keÅ¡ka. Treba na nich dÃ¡ta, pokrytie na SK je zvyÄajne biedne, vyÅ¾aduje si to viac Å¡Ãºchania mobilu a prinesie menej zÃ¡bavy ako fyzickÃ¡ keÅ¡ka, nevyÅ¾aduje to sÃ­ce toÄ¾ko ÃºdrÅ¾by zo strany ownera, ale osobne len zriedka nÃ¡jdem labky, ktorÃ© poukazujÃº na nieÄo zaujÃ­mavÃ©, zvyÄajne je to len elektrifikovanÃ½ stage multiny typu koÄ¾ko laviÄiek je pred kostolom, opÃ­Å¡ ÄÃ­slo elektromera a podobne. TakÅ¾e labky nemusÃ­m, veÄ¾mi ich nezbieram, ale keÄ bolo treba body na suvenÃ­ry tak boli dobrÃ© aj tie",Ãno,21 - 50,Ãno,Ãno
5.1.2023 18:32:01,Lazarovci,Viac ako 10 rokov,Menej ako 5 keÅ¡iek,Ãno,Aby som mal rozsiahlejsi pristup,,Ãno,Ulicka remesiel,Tak 50 na 50. Niektore su fajn ( ulohy aj umiestnenie) a niektore nic moc,Ãno,Ukazu nove miesta a informacie,Nie,101 a viac,Ãno,Ãno
6.1.2023 10:25:01,,Viac ako 10 rokov,Menej ako 5 keÅ¡iek,Ãno,,,Ãno,,.,Ãno,.,Nie,0 - 5,Nie,Ãno
6.1.2023 11:44:50,,Viac ako 10 rokov,Menej ako 5 keÅ¡iek,Ãno,Viacej moznosti,,Ãno,Pekna krabicka nenarocna mysterka,"Vdaka geocachingu som sa dostal na miesta kde bezne nechodim, je tu velmi dobra a prijemna partia ludi.",Ãno,"spestruju geocaching, ale tak velmi ich nemusim...",Nie,21 - 50,Nie,Nie
7.1.2023 10:12:12,Ywoxy,5 - 10 rokov,Menej ako 5 keÅ¡iek,Ãno,Dostupnost viacerych kesiek ocakavajuc zaujimavejsie prevedenie,,Ãno,"Duchovia zo Zeleneho dvora - ale mohla byt vacsia jrabicka aj na SWG a TB, prevedenie top ! Ulicka starych remesiel, pekne kombo LAB-iek, pekne prevedenie.",Vzdy ma potesi ked vyjde nova keska ale niekedy uz podla nicku tusim co ocakavat. Ci petku za odkvapom alebo nieco premakane. Mysterky sa snazim nechavat si do kalendara. Niekedy nez odlovim pomiznu nakolko novacik neodhadol miesto ulozenia. Kazdopadne ked vyjde nieco s terenom co nezvladam ma to nastve ale stale sa najdu ludia s ktorymi sa to da odlovit :),Ãno,"Obcas mam dojem ze su to body zadarmo, ale stale padnu vhod, potesi ak maju mysterkovy final.",Ãno,21 - 50,Ãno,Ãno
7.1.2023 21:54:36,,5 - 10 rokov,Menej ako 5 keÅ¡iek,Ãno,"Kvoli premiovym keskam, a vyhladavanie noviniek",,Ãno,Ulicka starych remesiel - pekne prevedenie kesky,"Dobra je stala komunita aktivnych keserov a s tym spojene novozalozne krabice, chybaju mi kesky v sirsom okoli kosic, hlavne smerom na vychod ",Ãno,"su fajn, ale trochu dehonestuju statistiky v pocte nalezov ",Nie,6 - 10,Nie,Ãno
8.1.2023 0:17:08,,5 - 10 rokov,Menej ako 5 keÅ¡iek,Ãno,KvÃ´li notifikÃ¡ciam o novÃ½ch keÅ¡kÃ¡ch a prÃ©mium keÅ¡kÃ¡m,,Ãno,"GC9G244 bola super, pekne na oÄiach a predsa neviditeÄ¾nÃ¡ :D",VeÄ¾mi zaujÃ­mavÃ© prevedenia,Ãno,"VÄaka nim sa dostanem na zaujÃ­mavÃ© miesta, obÄas je k nim vytvorenÃ¡ aj fyzickÃ¡ bonusovÃ¡ krabica, je to fajn :D",Nie,0 - 5,Nie,Ãno
8.1.2023 15:02:21,jany48,Viac ako 10 rokov,51 - 100 keÅ¡iek,Ãno,"MoÅ¾nosÅ¥ hÄ¾adania a logovania prÃ©miovÃ½ch keÅ¡Ã­, notifikÃ¡cie o novÃ½ch keÅ¡kÃ¡ch",,Ãno,"KamzÃ­kovÃº prechÃ¡dzku... pÃ¡Äila sa, lebo bola v TatrÃ¡ch.","Som za to, aby tu bolo viac tradiÄnÃ½ch keÅ¡iek a menej mysteriek, lebo Älovek strÃ¡vi viac Äasu za poÄÃ­taÄom, ako v terÃ©ne. Zmyslom geocachingu je prÃ¡ve dostaÅ¥ Ä¾udÃ­ vonku od poÄÃ­taÄov.",Ãno,"Je to zaujÃ­mavÃ½ doplnok geocachingu a rÃ¡d ich zbieram, ale otÃ¡zne je, Äi by sa to malo rÃ¡taÅ¥ do poÄtu celkovo nÃ¡jdenÃ½ch keÅ¡iek, keÄÅ¾e to keÅ¡ky nie sÃº.",Ãno,21 - 50,Ãno,Nie
8.1.2023 15:06:58,,Viac ako 10 rokov,Menej ako 5 keÅ¡iek,Ãno,Kvoli vacsiemu poctu kesiek,,Ãno,"Ulicka starych remesiel - zaujimavo prevedena keska v centre mesta, takych vela nie je","Je ich tu dost, aj eventy sa organizuju, je to celkom zive.",Ãno,Su len virtualne a nerataju sa do statistik,Nie,6 - 10,Ãno,Ãno
8.1.2023 18:18:01,BelKed,2 - 5 rokov,Menej ako 5 keÅ¡iek,Nie,,"NeoplatÃ­ sa, aj keÄ to nie je aÅ¾ takÃ¡ straÅ¡nÃ¡ sumaâ€¦",Ãno,"VeÄ¾mi sa mi pÃ¡Äila bonusovka ""UliÄka starÃ½ch remesiel"" â€“ viac som sa k tomu vyjadril vo FI logu","Nie je to zlÃ©, keÅ¡iek tu je dosÅ¥ a niektorÃ© kÃºsky sÃº aj naozaj pekne spracovanÃ©",Ãno,5 bodov za kaÅ¾dÃº splnenÃº adventÃºru je pomerne veÄ¾a,Ãno,21 - 50,Ãno,Ãno
8.1.2023 22:22:12,,5 - 10 rokov,101 - 200 keÅ¡iek,Ãno,Dostal som zÄ¾avu za 22â‚¬  tak preÄo nie ğŸ¤£,,Ãno,UliÄka remesiel,RadÅ¡ej mÃ¡m keÅ¡ky v prÃ­rode. Mesto lovim iba sporadicky.,Ãno,Klasicke keÅ¡ky su klasicke keÅ¡ky :) mam radsej plesnive logbooky ako labky ğŸ¤£,Ãno,51 - 100,Nie,Ãno
10.1.2023 13:59:07,Brontici,Viac ako 10 rokov,5 - 20 keÅ¡iek,Ãno,"vacsia funkcionalita, podpora komunity",,Ãno,"Tatranska meteostanica v dobrom velmi prekvapila, to su tie momenty, ktore nas pri keskovani najviac tesia, cize objavovat nove miesta, ktore sa oplati vidiet. Kosicka kalvaria tuto sme zobrali s humorom (inak by sme asi dost nadavali), lebo za tmy to slo ztuha.","Z nasich skusenosti su tu kesky na pomerne slusnej urovni. Najdu sa bohuzial aj take, kde riesenie riadne potrapi a na finali je rozbite kinder vajicko, alebo je to podpanelakovka co za mesiac zmizne - tych je menej. No nastastie viac je tych, kde listing, prevedenie, umiestnenie, pripadne riesenie potesia.",Ãno,"Velke plus v case covidu a pocovidovom je, ze su bezkontaktne / bezpecne. Ak su na novom mieste a maju co ukazat je to skvele. Avsak vo vacsich mestach je to u viacerych iba nahananie bodikov (aj ked kazdy bod sa pocita), lebo su ku miestam, kde uz su tradicky/multiny, kedze sa s nimi priestorovo nebiju.",Nie,0 - 5,Ãno,Ãno
11.1.2023 6:20:31,Richterovci ,5 - 10 rokov,21 - 50 keÅ¡iek,Ãno,MoÅ¾nosÅ¥ vÃ¤ÄÅ¡ej moÅ¾nosti oslovÃ­ keÅ¡iek ,,Ãno,UliÄka ... parÃ¡dna ... ğŸ‘.,"Boli sme tu uÅ¾ viac krÃ¡t, a radi sa sem eÅ¡te vrÃ¡time po keÅ¡ky, ktorÃ© nÃ¡m ukÃ¡Å¾u novÃ© a zaujÃ­mavÃ© miesta.",Ãno,"TieÅ¾ ukazujÃº zaujÃ­mavÃ© miesta, a nepohrdnem ich odlovom. ",Ãno,101 a viac,Ãno,Ãno
13.1.2023 15:31:00,Johny;),Viac ako 10 rokov,201 - 500 keÅ¡iek,Ãno,"PrÃ­stup k prÃ©miovÃ½m keÅ¡kÃ¡m, plnÃ¡ funkÄnosÅ¥ Locus Pro, udeÄ¾ovanie favoritov, notifikÃ¡cie o novÃ½ch keÅ¡kÃ¡ch",,Ãno,"KeÅ¡ky boli super vÅ¡etky. UliÄka remesiel, Duchovia..., Kostol najsvÃ¤tejÅ¡ieho Å¡erca.","Super :) NiektorÃ© fakt stoja za nÃ¡vÅ¡tevu. Okrem kanÃ¡lov, do tÃ½ch sa mi zas nechce :P VeÄ¾a mysteriek, ale kamarÃ¡ti pomÃ´Å¾u ;)",Ãno,"Body z klasickÃ½ch keÅ¡Ã­ a LAB by sa podÄ¾a mÅˆa nemali rÃ¡taÅ¥ do ""jednÃ©ho vreca"". Ale inak LAB mÃ¡m rÃ¡d keÄ nie sÃº prÃ­liÅ¡ zdÄºhavÃ© a veÄ¾mi rozÅ¥ahanÃ©. HlavnÃ½ plus LABiek je tam, Å¾e vedia ukÃ¡zaÅ¥ miesta, kde sa klasickÃ¡ keÅ¡ nedÃ¡ daÅ¥. Hlavne v meste je to vÃ½hoda. A keÄ je Å¡karedÃ© poÄasie, nezadÅ¾abem si ruky od Å¡pinavej krabiÄky :D",Ãno,101 a viac,Ãno,Ãno
13.1.2023 17:45:24,Reci73family,Viac ako 10 rokov,5 - 20 keÅ¡iek,Ãno,Je to super....,,Ãno,Kamzik...,Som rada Å¾e  mam kam vybehnut a zabavit sa na niektorych...,Ãno,Mam ich rada lebo sa  stale nieco nove dozviem.,Ãno,11 - 20,Ãno,Ãno
14.1.2023 14:51:32,,2 - 5 rokov,5 - 20 keÅ¡iek,Ãno,StojÃ­ to za to Ã­sÅ¥ si odloviÅ¥ aj premium keÅ¡ky a maÅ¥ k dispozÃ­cii v Geocaching premium aplikÃ¡cii na mobile vÅ¡etky typy keÅ¡iek.,,Ãno,"UliÄka starÃ½ch remesiel bola super. MyslÃ­m, Å¾e nie je potrebnÃ© vysvetÄ¾ovaÅ¥ preÄo ;)",NepÃ¡Äia sa mi rozmÃ¡hajÃºce sa PET-keÅ¡ky a multiny s finÃ¡lom na kilometre vzdialenÃ½m...,Ãno,"Zbieram zriedkavo. Je to dobrÃ¡ vec, jedinou nevÃ½hodou je nevyhnutnosÅ¥ mobilnÃ½ch dÃ¡t...",Ãno,0 - 5,Nie,Nie
17.1.2023 15:45:35,,Viac ako 10 rokov,21 - 50 keÅ¡iek,Ãno,Lebo chcem podporiÅ¥ GC,,Nie,,Nie som z KoÅ¡Ã­c.NehodnotÃ­m.,Ãno,SÃºÄasÅ¥ geocachingu.,Ãno,11 - 20,Ãno,Nie
2.2.2023 16:41:24,traja_musketieri,Viac ako 10 rokov,Menej ako 5 keÅ¡iek,Ãno,Kvoli Premium only keskam a notifikaciam o novych keskach,,Nie,,"Kesiek je tu vela a mnohe su velmi zaujimave, ci uz zadanim alebo vyhotovenim",Ãno,"Niektore su zaujimave a poucne, ine len ciste ""objemove krmivo""",Ãno,21 - 50,Ãno,Ãno
5.2.2023 19:14:23,,Viac ako 10 rokov,Menej ako 5 keÅ¡iek,Ãno,chcem podporit projekt. Chapem ze geocaching niekto vyvija a tiez potrebuje z niecoho zit.,,Ãno,"Nasla som smokovecku kyselku. Keska sa mi velmi pacila, pretoze ma priviedla na miesto o ktorom som netusila a navyse milujem kyselky :)","V kosiciach je dostatocny pocet aktivnych geokeserov, takze je tu geokesing zivy. Ked kes zanikne, miesto je velmi rychlo obsadene. Co je viac nez fajn. Mnohi owneri sa snazia a bud je zaujimave miesto, listing, alebo samotna krabica. Jedno co mi v kosiciach chyba je webcam cache :) Inak si myslim ze je to fajn. Nie vsetky mestske kesky oblubujem, ale nikto ma nenuti na ne chodit :) Nemam rada oor-ky a odcitavanie nezmyselnych kodov nalepenych kade tade v terene kvoli labkam. Zbytocne na seba upozornujeme, nie prave v najlepsom svetle. Takuto nalepku som videla nalepenu aj na pamatniku :( Kto chce podvadzat, bude podvadzat. Tolko k nezmyselnym uloham ktore maju overit ci tam niekto naozaj bol.",Ãno,"vo vseobecnosti mam labky v mestach velmi rada. Co to sa dozviem, vytiahne ma to von, nemusim osahavat spinave odkvapove rury a v zahranici ocenujem ze su to take kesky do istoty. Nemusim poznat akym sposobom miestni obvykle skryvaju kese, aby som nieco nasla. Viac sa mi pacia nesekvencne labky, kde si sama urcim v akom poradi sa k jednotlivym labkam prejdem.Labky v prirode su niekedy mensi oriesok, kvoli signalu, ale nemam ani proti tymto nic :)",Nie,0 - 5,Nie,Nie
7.2.2023 23:19:53,,5 - 10 rokov,Menej ako 5 keÅ¡iek,Ãno,viac zÃ¡bavy,,Ãno,KeÅ¡ka Kostol NajsvÃ¤tejÅ¡ieho srdca JeÅ¾iÅ¡ovho sa nÃ¡m pÃ¡Äila.,MomentÃ¡lne sa celkom rozvÃ­jaâ€¦,Ãno,ZaujÃ­mavÃ© spestrenieâ€¦,Ãno,21 - 50,Nie,Ãno
8.2.2023 9:31:10,RobiRudy,5 - 10 rokov,Menej ako 5 keÅ¡iek,Ãno,Je to sluÅ¾ba ktorÃ¡ zahÅ•Åˆa viacej keÅ¡iek samotnÃ© keÅ¡ky v premiu sÃº aj vypracovanejÅ¡ie.,,Ãno,VÄera som oslovil Tvoju Hanu vranu v MyÅ¡li a je asi Ä top mojich nÃ¡jdenÃ½ch.DalÅ¡ia je LAB-ka v meste HrnÄiarska a aj peknÃ© prevedenie je sklad v KoÅ¡ickej n.v.,ZdÃ¡ sa mi Å¾e PreÅ¡ov je viac zameranÃ½ na turistiku ale pÃ¡Äi sa mi Å¾e keÅ¡ky od teba naÅ¡li novÃ½ design v KoÅ¡iciach a Å¾e sa zameriavaÅ¡ aj na Lab keÅ¡ky.,Ãno,"NiektorÃ© obyÄajnÃ© keÅ¡ky sÃº schovanÃ© v miestach ktorÃ© nevoÅˆajÃº a niekedy si prinesiem na topÃ¡nkach i rukÃ¡ch odtlaÄok vieÅ¡ Äoho.A Lab-ka je aj viac modernejÅ¡ia ,obsahuje viac informÃ¡ciÃ­ a muklovia nepozerajÃº Äo vlastne stvaraÅ¡ pri odlove. ",Ãno,0 - 5,Ãno,Ãno
10.2.2023 10:58:40,MrPeter23,2 - 5 rokov,5 - 20 keÅ¡iek,Ãno,Hlavne kvoli premium keÅ¡kÃ¡m,,Nie,,"Geocaching uÅ¾asna hra, ktora dostane Ä¾udÃ­ von, KoÅ¡ice sÃº krÃ¡sne mesto. Å koda Å¾e ho obÃ½vajÃº slÃ¡vni indiÃ¡ni.",Ãno,"Rychle bodÃ­ky, zÃ¡leÅ¾Ã­ od LABky niektore fajn ine za moc nestoja.",Nie,0 - 5,Ãno,Nie
17.2.2023 20:23:57,,5 - 10 rokov,21 - 50 keÅ¡iek,Ãno,kvÃ´li FP,,Nie,,neviem. Naposledy som tam bol x rokov dozadu,Ãno,sÃº zbytoÄnÃ©,Ãno,101 a viac,Ãno,Ãno
24.2.2023 8:04:11,,Do 2 rokov,Menej ako 5 keÅ¡iek,Nie,,"Neplatim si premium, ale dostala som ho ğŸ˜",Nie,,"Ja som sa dala na keÅ¡ky, pretoÅ¾e chcem maÅ¥ cieÄ¾ ak idem niekam na prechÃ¡dzku. Preto ja mÃ¡m najradÅ¡ej zelenÃ©, tie modrÃ© s otÃ¡znikom moc nemusÃ­m, hlavne keÄ je nejakÃ½ hlavolam. KeÅ¡ky beriem ako zÃ¡bavu na von, doma sa mi moc nechce s tÃ½m piplat a rieÅ¡iÅ¥. Ale samozrejme mÃ¡m aj takÃ©to vyrieÅ¡enÃ©. Keskarime s mamou, skoda ze som tu nebola na event s mamou ğŸ˜„",Nie,"LABky, to su tie Äo treba hraÅ¥ nejakÃº hru v apke? Ja ani neviem, ale ak je to tak, ja mam proste nonstop plnu pamÃ¤Å¥ v mobile, takÅ¾e nemÃ¡m miesto na ÄalÅ¡iu appku ğŸ˜„",Nie,0 - 5,Nie,Ãno
25.2.2023 0:29:33,uif,Do 2 rokov,Menej ako 5 keÅ¡iek,Ãno,"mÃ´j mozog... potrebuje veÄ¾a dopamÃ­nu, inak mÃ¡m samodeÅ¡truktÃ­vne sklony... bavÃ­ ma veÄ¾mi chodiÅ¥ vo vÅ¡eobecnosti peÅ¡i a keÅ¡ky sÃº skvelÃ¡ zÃ¡mienka, teda ÄÃ­m viac ich je, tÃ½m viac motivÃ¡cie aj a idk, zdravÃ© mi to prÃ­de sa Ã­sÅ¥ odreagovaÅ¥ na celÃ½ deÅˆ... bez premiumka by som na celÃ½ deÅˆ niekam do cudzieho mesta neÅ¡iel pravdepodobne, ale iba do prÃ­rody, takto mÃ´Å¾em aj jedno, aj druhÃ©:)",-,Nie,-,"v Å¾ivote som tam nekeÅ¡koval, aÅ¾ budÃºci tÃ½Å¾deÅˆ idem prvÃ½ raz:)",Ãno,"milujem to. skvelÃ¡ vec na spoznÃ¡vanie krajiny a naozaj vÃ¡s nÃºti chodiÅ¥ viac ako hÄ¾adaÅ¥, Äo sa mi len Ä¾Ãºbi no..",Nie,0 - 5,Nie,Nie
25.2.2023 11:51:36,,2 - 5 rokov,Menej ako 5 keÅ¡iek,Ãno,"Podpora GC, viditelnost vsetkych kesiek v aplikaciach. ",,Ãno,"Vsetky odlovene sa pacili, hlavne tie tatranske (kvoli prostrediu), prechadzka kalvariou bola top. ","Je to celkom v pohode, niekolko aktivnejsich hracov a viac pasivnych co sa tyka zakladania novych kesiek, ale kazdy sa hra ako chce, takze nie je dovod kritizovat.",Ãno,Prijemny doplnok ku GC. ,Ãno,11 - 20,Ãno,Ãno
25.2.2023 14:50:33,Mr.Karlos,5 - 10 rokov,Menej ako 5 keÅ¡iek,Ãno,"viac keÅ¡iek, viac funkciÃ­, favoritnÃ© body, rÃ¡d prispejem k dobrej veci",,Ãno,"Zatial len uliÄku, pÃ¡Äila sa velmi, hlavne prevedenie, uÅ¾ menej uloÅ¾enie kÄ¾ÃºÄa :-)","Som jeho sÃºÄasÅ¥ou, poznÃ¡m starÅ¡Ã­ch osobne, teÅ¡Ã­, Å¾e prirastÃ¡ aj mladÅ¡ia generÃ¡cia a aj medzi nimi sa nÃ¡jdu Å¡ikovnÃ­ci",Ãno,"zo zaÄiatku som to nebral seriÃ³zne, vlastne ani teraz nie, ale keÄ idem okolo, tak preÄo nie ...  keÅ¡ka je keÅ¡ka, trebaju nÃ¡jsÅ¥ a zapÃ­saÅ¥ sa. Labiek je uÅ¾ na mÃ´j vkus veÄ¾a ... veÄ¾a lacnÃ½ch bodÃ­kov do Å¡tatistiky",Nie,6 - 10,Ãno,Ãno
2.3.2023 9:39:55,,5 - 10 rokov,Menej ako 5 keÅ¡iek,Ãno,VÃ­ce keÅ¡i k dispozici mi,,Ãno,UliÄka...   DobÅ™e zpracovanÃ© a ukrytÃ© ,"Jako obÄasnÃ½ nÃ¡vÅ¡tÄ›vnÃ­k mÄ›sta to beru jak to je. KaÅ¾dÃ½ ""kraj"" mÃ¡ svÃ© pro a proti.",Ãno,MnÄ› nevadÃ­ a rÃ¡d si je odlovÃ­m kdyÅ¾ jsou k dispozici.,Ãno,101 a viac,Ãno,Ãno
27.3.2023 22:33:29,Bazonka,Viac ako 10 rokov,201 - 500 keÅ¡iek,Ãno,,,Nie,,See my answer on the English form,Ãno,See my answer on the English form,Ãno,101 a viac,Nie,Ãno
21.4.2023 8:34:48,,2 - 5 rokov,21 - 50 keÅ¡iek,Ãno,,,Ãno,,nic,Ãno,vela labiek,Ãno,21 - 50,Ãno,Ãno
5.5.2023 22:24:01,Mark0,Viac ako 10 rokov,51 - 100 keÅ¡iek,Ãno,zo zvyku,odpovedal som Ã¡no,Nie,nenaÅ¡iel,"sÃº roztrÃºsenÃ© Äaleko od seba, na jednodÅˆovÃ© keÅ¡kovanie sa Älovek nachodÃ­ a veÄ¾a si ich do Å¡tatistÃ­k nepridÃ¡",Ãno,"ako spestrenie fajn, teraz to je v Å¡tÃ¡diu prznenia geocachingu",Nie,101 a viac,Nie,Ãno
10.5.2023 16:26:18,kovbojkÃ¡Äi,5 - 10 rokov,5 - 20 keÅ¡iek,Ãno,,,Ãno,,"uÅ¾ som posielal v predchÃ¡dzajÃºcom dotaznÃ­ku, len potrebujem sÃºradnice znovu",Ãno,pÃ¡Äia sa mi,Nie,21 - 50,Nie,Nie
12.5.2023 22:58:35,,Viac ako 10 rokov,Menej ako 5 keÅ¡iek,Ãno,,,Nie,,"zacina to byt, kto vymysly este vacsiu HNCM a najde vyssi strom, smutne. Clovek sa ani nic nenauci, ani pekne miesto neukaze.",Ãno,"LABky podla temy, obcas fajn, niekedy len aby mal owner ikonu. V meste fajn, najme na exponovanych oblastiach sa netreba strapnovat obcas hladanim len OOR.",Nie,0 - 5,Ãno,Ãno
19.5.2023 14:13:43,dabk,Viac ako 10 rokov,5 - 20 keÅ¡iek,Ãno,"PM only kesky, notifikacie",,Ãno,"ulicka starych remesiel je top. lahke a hlavne jednoznacne otazky na labkach (co zdaleka nebyva vzdy zvykom) a final dokonaly. v case ked som ju nasiel, bol som velmi prekvapeny ze takyto pre mna v tom case neznamy owner zalozil taku vybornu kesku","keskujem uz vyrazne menej ako kedysi (lebo najprv bolo male dieta, potom covid, atd... dostali sa do popredia aj ine zaluby), tak uz mam trochu mensi prehlad. ale za seba mozem povedat ze najradsej mam kreativne kesky, kedysi to boli owneri ako masulko, lesmarco, guru joe... nikto z nich sa uz GC nevenuje. u nich som mal prakticky istotu ze z kazdej kesky budem nadseny. teraz si musim najst novych oblubenych ownerov. mas potencial byt jednym z nich, s keskami ako ulicka remesiel :) a na tuto kesku feedback som tiez pocul samu chvalu.",Ãno,"ja osobne ich mam rad, ich hlavny zmysel vidim v centrach miest, na stanici a pod... kdekolvek kde je velke mnozstvo ludi a nenapadny odlov by bol takmer nemozny. nemam na labky prehnane naroky co sa tyka temy (kym to nie je nejaka uplna blbost), otazky ak nie su prehnane tazke to je fajn (v zmysle ze zistim odpoved na mieste a nie na googli), ale hlavne nech su odpovede jednoznacne. neznasam ked napr. kvoli znamienku alebo interpunkcii musim natipovat 20 formatov tej istej odpovede kym konecne prejde. ",Nie,6 - 10,Nie,Ãno
24.5.2023 8:59:38,prognostik,5 - 10 rokov,5 - 20 keÅ¡iek,Ãno,"PÅ™Ã­stup k premium keÅ¡Ã­m. PohodlÃ­ a urychlenÃ­ dÃ­ky premium keÅ¡Ã­,",,Nie,,"ZatÃ­m jsem tu lovila jen 2x bÄ›hem krÃ¡tkÃ½ch nÃ¡vÅ¡tÄ›v, tÄ›Å¾ko mÃ­t nÃ¡zor. KeÅ¡e na Bankove jsou pÄ›knÄ› udÄ›lanÃ©.",Ãno,"Do mÄ›sta jsou dobrÃ©, ÄlovÄ›k nemusÃ­ hledat krabiÄky.",Nie,0 - 5,Ãno,Ãno
24.5.2023 9:01:41,horacius,Viac ako 10 rokov,5 - 20 keÅ¡iek,Ãno,Podpora hry a notifikace ,,Nie,,"ZatÃ­m nic, jsem tu poprvÃ© ",Ãno,"Do mÄ›sta labka, do lesa krabka.",Ãno,0 - 5,Ãno,Ãno
24.5.2023 22:08:36,Gozly,Viac ako 10 rokov,Menej ako 5 keÅ¡iek,Ãno,RÃ¡d vidÃ­m vÅ¡echny keÅ¡e.,-,Nie,-,Lovili jsme moc hezkÃ© keÅ¡ky.,Ãno,Do mÄ›sta jsou fajn.,Nie,6 - 10,Ãno,Nie
27.5.2023 8:23:02,broveska,2 - 5 rokov,Menej ako 5 keÅ¡iek,Ãno,Koli pouÅ¾Ã­vaniu oficialnej appky a jej moÅ¾nostiam pre platcov,,Nie,,"Ked som s geocachingom zacinala, prijala by som viac tradiciek v meste, teraz nekeskujem az tak vela ako zo zaciatku, ale mala som rada kreativne veci od LesMarca, tie boli super. Aj popisy aj prevedenia. Inak by som povedala teraz ze ich v ramci kosic je dost aj peknÃ½ch a zaujimavych",Ãno,"Obcas sa necham ukecat na zmenu, ale vyslovene ich nevyhladavam, hlavne z toho dovodu ze vyzaduju pristup k internetu stale, co ja nemam",Ãno,6 - 10,Ãno,Nie
27.5.2023 22:26:24,daniela003,Viac ako 10 rokov,Menej ako 5 keÅ¡iek,Ãno,"Viac keÅ¡iek, moÅ¾nosÅ¥ vloÅ¾enia poznÃ¡mky do listingu",,Ãno,"GC9G24T - KalvÃ¡ria bola naozaj veÄ¾mi zaujÃ­mavÃ¡ a netradiÄne poÅˆatÃ¡ po umeleckej strÃ¡nke. FinÃ¡lka bola perfektnÃ¡, vymenila som aj TB. S veÄ¾kou pravdepodobnosÅ¥ou by som sa sem asi nedostala, podobne ako mnohÃ© inÃ© miesta, ktorÃ© som spoznala len vÄaka geocachingu","NedokÃ¡Å¾em odpovedaÅ¥, v KoÅ¡iciach som eÅ¡te nebola, len sa tam chystÃ¡m",Ãno,"VÃ¤ÄÅ¡inou sÃº to rÃ½chle pozbieranÃ© body, aj keÄ musÃ­m priznaÅ¥, Å¾e niektorÃ© som nedokÃ¡zala zÃ­skaÅ¥, lebo som nevedela nÃ¡jsÅ¥ tÃº sprÃ¡vnu odpoveÄ",Nie,0 - 5,Ãno,Ãno
28.5.2023 17:54:03,,Do 2 rokov,Menej ako 5 keÅ¡iek,Ãno,skusam,,Nie,,je ich malo... viac k tomu neviem povedat,Nie,neviem co to je som novy,Nie,0 - 5,Nie,Nie